accelerometer0_X0,accelerometer0_X1,accelerometer0_X2,accelerometer0_X3,accelerometer0_X4,accelerometer0_X5,accelerometer0_X6,accelerometer0_X7,accelerometer0_X8,accelerometer0_X9,accelerometer0_Y0,accelerometer0_Y1,accelerometer0_Y2,accelerometer0_Y3,accelerometer0_Y4,accelerometer0_Y5,accelerometer0_Y6,accelerometer0_Y7,accelerometer0_Y8,accelerometer0_Y9,accelerometer0_Z0,accelerometer0_Z1,accelerometer0_Z2,accelerometer0_Z3,accelerometer0_Z4,accelerometer0_Z5,accelerometer0_Z6,accelerometer0_Z7,accelerometer0_Z8,accelerometer0_Z9,accelerometer1_X0,accelerometer1_X1,accelerometer1_X2,accelerometer1_X3,accelerometer1_X4,accelerometer1_X5,accelerometer1_X6,accelerometer1_X7,accelerometer1_X8,accelerometer1_X9,accelerometer1_Y0,accelerometer1_Y1,accelerometer1_Y2,accelerometer1_Y3,accelerometer1_Y4,accelerometer1_Y5,accelerometer1_Y6,accelerometer1_Y7,accelerometer1_Y8,accelerometer1_Y9,accelerometer1_Z0,accelerometer1_Z1,accelerometer1_Z2,accelerometer1_Z3,accelerometer1_Z4,accelerometer1_Z5,accelerometer1_Z6,accelerometer1_Z7,accelerometer1_Z8,accelerometer1_Z9,accelerometer2_X0,accelerometer2_X1,accelerometer2_X2,accelerometer2_X3,accelerometer2_X4,accelerometer2_X5,accelerometer2_X6,accelerometer2_X7,accelerometer2_X8,accelerometer2_X9,accelerometer2_Y0,accelerometer2_Y1,accelerometer2_Y2,accelerometer2_Y3,accelerometer2_Y4,accelerometer2_Y5,accelerometer2_Y6,accelerometer2_Y7,accelerometer2_Y8,accelerometer2_Y9,accelerometer2_Z0,accelerometer2_Z1,accelerometer2_Z2,accelerometer2_Z3,accelerometer2_Z4,accelerometer2_Z5,accelerometer2_Z6,accelerometer2_Z7,accelerometer2_Z8,accelerometer2_Z9,accelerometer3_X0,accelerometer3_X1,accelerometer3_X2,accelerometer3_X3,accelerometer3_X4,accelerometer3_X5,accelerometer3_X6,accelerometer3_X7,accelerometer3_X8,accelerometer3_X9,accelerometer3_Y0,accelerometer3_Y1,accelerometer3_Y2,accelerometer3_Y3,accelerometer3_Y4,accelerometer3_Y5,accelerometer3_Y6,accelerometer3_Y7,accelerometer3_Y8,accelerometer3_Y9,accelerometer3_Z0,accelerometer3_Z1,accelerometer3_Z2,accelerometer3_Z3,accelerometer3_Z4,accelerometer3_Z5,accelerometer3_Z6,accelerometer3_Z7,accelerometer3_Z8,accelerometer3_Z9,accelerometer4_X0,accelerometer4_X1,accelerometer4_X2,accelerometer4_X3,accelerometer4_X4,accelerometer4_X5,accelerometer4_X6,accelerometer4_X7,accelerometer4_X8,accelerometer4_X9,accelerometer4_Y0,accelerometer4_Y1,accelerometer4_Y2,accelerometer4_Y3,accelerometer4_Y4,accelerometer4_Y5,accelerometer4_Y6,accelerometer4_Y7,accelerometer4_Y8,accelerometer4_Y9,accelerometer4_Z0,accelerometer4_Z1,accelerometer4_Z2,accelerometer4_Z3,accelerometer4_Z4,accelerometer4_Z5,accelerometer4_Z6,accelerometer4_Z7,accelerometer4_Z8,accelerometer4_Z9,accelerometer5_X0,accelerometer5_X1,accelerometer5_X2,accelerometer5_X3,accelerometer5_X4,accelerometer5_X5,accelerometer5_X6,accelerometer5_X7,accelerometer5_X8,accelerometer5_X9,accelerometer5_Y0,accelerometer5_Y1,accelerometer5_Y2,accelerometer5_Y3,accelerometer5_Y4,accelerometer5_Y5,accelerometer5_Y6,accelerometer5_Y7,accelerometer5_Y8,accelerometer5_Y9,accelerometer5_Z0,accelerometer5_Z1,accelerometer5_Z2,accelerometer5_Z3,accelerometer5_Z4,accelerometer5_Z5,accelerometer5_Z6,accelerometer5_Z7,accelerometer5_Z8,accelerometer5_Z9,accelerometer6_X0,accelerometer6_X1,accelerometer6_X2,accelerometer6_X3,accelerometer6_X4,accelerometer6_X5,accelerometer6_X6,accelerometer6_X7,accelerometer6_X8,accelerometer6_X9,accelerometer6_Y0,accelerometer6_Y1,accelerometer6_Y2,accelerometer6_Y3,accelerometer6_Y4,accelerometer6_Y5,accelerometer6_Y6,accelerometer6_Y7,accelerometer6_Y8,accelerometer6_Y9,accelerometer6_Z0,accelerometer6_Z1,accelerometer6_Z2,accelerometer6_Z3,accelerometer6_Z4,accelerometer6_Z5,accelerometer6_Z6,accelerometer6_Z7,accelerometer6_Z8,accelerometer6_Z9,accelerometer7_X0,accelerometer7_X1,accelerometer7_X2,accelerometer7_X3,accelerometer7_X4,accelerometer7_X5,accelerometer7_X6,accelerometer7_X7,accelerometer7_X8,accelerometer7_X9,accelerometer7_Y0,accelerometer7_Y1,accelerometer7_Y2,accelerometer7_Y3,accelerometer7_Y4,accelerometer7_Y5,accelerometer7_Y6,accelerometer7_Y7,accelerometer7_Y8,accelerometer7_Y9,accelerometer7_Z0,accelerometer7_Z1,accelerometer7_Z2,accelerometer7_Z3,accelerometer7_Z4,accelerometer7_Z5,accelerometer7_Z6,accelerometer7_Z7,accelerometer7_Z8,accelerometer7_Z9,accelerometer8_X0,accelerometer8_X1,accelerometer8_X2,accelerometer8_X3,accelerometer8_X4,accelerometer8_X5,accelerometer8_X6,accelerometer8_X7,accelerometer8_X8,accelerometer8_X9,accelerometer8_Y0,accelerometer8_Y1,accelerometer8_Y2,accelerometer8_Y3,accelerometer8_Y4,accelerometer8_Y5,accelerometer8_Y6,accelerometer8_Y7,accelerometer8_Y8,accelerometer8_Y9,accelerometer8_Z0,accelerometer8_Z1,accelerometer8_Z2,accelerometer8_Z3,accelerometer8_Z4,accelerometer8_Z5,accelerometer8_Z6,accelerometer8_Z7,accelerometer8_Z8,accelerometer8_Z9,impact_label,power_measurement
-80,-224,64,16,64,96,-16,144,64,-432,80,-48,240,32,-192,48,0,80,192,784,256,80,528,1392,1024,864,928,80,400,1136,80,272,48,400,288,240,64,96,208,448,-144,-16,240,-528,96,-80,-16,-96,-80,96,768,640,720,1024,1104,592,1232,1040,928,1072,176,176,144,16,432,288,208,480,48,144,48,240,240,64,240,-176,-208,144,-224,-16,1024,912,1088,1216,896,976,1248,1200,1040,928,192,16,256,256,160,240,32,128,304,256,272,336,464,176,368,32,64,-192,64,144,608,416,432,608,608,448,528,256,576,112,192,96,-352,-224,-96,-48,-160,-144,-80,-32,-480,-192,-16,-160,656,208,-80,-80,-32,160,560,1216,720,1152,1392,1040,1568,160,352,1200,192,464,400,496,512,112,400,336,352,192,-400,-400,-320,-320,-32,-240,-400,-48,-96,-304,464,448,16,624,80,544,144,80,112,528,-128,-304,-240,-192,-224,-64,-288,-112,-112,-48,-48,-96,-16,-272,-272,-112,224,-176,-304,112,800,512,976,512,640,1136,400,640,656,976,64,112,480,176,176,16,112,144,-128,112,-64,-64,816,240,160,464,64,0,80,-240,64,1120,448,768,256,368,672,688,272,2160,400,272,368,272,272,16,432,320,352,176,-464,-160,-160,-304,-96,-176,-16,-96,208,-176,240,384,-160,-128,-48,-96,-256,48,-432,-16,right,27374.11858497384
-32,-64,-144,16,-96,-288,-32,-112,-16,-208,144,240,-128,240,48,720,-496,48,-128,224,144,704,368,128,1120,1440,224,1024,992,32,272,272,288,432,16,528,-64,192,560,64,0,-128,-16,-224,-480,1024,192,288,-176,-512,832,1104,528,768,752,1584,1136,816,1232,448,144,224,432,240,-96,1632,48,208,208,-128,128,-16,48,240,176,928,240,128,-32,64,1072,880,1024,1328,1232,2448,1152,944,1968,784,400,160,272,208,480,-80,288,192,464,464,384,368,144,80,96,624,-16,128,288,-96,80,352,64,0,320,-32,32,176,1024,-208,0,-96,-48,-16,-144,-272,-336,64,208,-80,-256,160,-176,416,192,384,240,384,224,-208,-288,432,1776,832,576,400,384,-16,1520,720,80,304,416,400,368,560,208,256,128,32,-192,-16,-336,-384,-128,-240,-368,-32,-432,-128,528,480,864,304,96,128,672,-256,368,208,-448,-272,-160,-144,64,-144,-224,-176,-464,-144,-80,-64,-192,-256,-3184,640,-128,-224,-400,-96,912,432,400,-112,5088,480,464,576,464,304,128,32,128,176,16,304,368,32,272,-464,-192,736,384,720,304,448,-720,-272,48,304,1040,16,-272,320,416,448,384,48,448,304,448,352,464,336,480,448,-16,48,-32,416,-144,-608,-176,-64,-80,320,-656,-144,-976,176,-304,-192,0,-32,96,160,256,80,-240,224,right,14375.050665362687
-32,-80,176,112,-48,-400,48,32,-480,-144,320,-192,-112,-16,96,432,-416,-16,48,320,656,256,800,896,624,1232,448,-160,1104,576,320,432,464,432,352,-704,336,144,832,384,-96,-256,-112,-144,208,896,-240,-64,-112,-368,704,848,896,1152,464,512,816,720,1232,496,240,208,256,128,16,1328,208,272,80,-112,-80,208,320,112,-144,288,80,144,160,240,1296,1264,1040,832,1120,1280,896,1008,1552,1216,160,224,416,224,272,144,240,208,208,256,80,112,224,384,-160,496,112,128,320,80,544,96,256,144,256,-320,-80,608,848,-48,-96,-16,192,-256,-192,-432,-336,-192,-208,-160,240,0,-208,160,-160,-144,-192,-160,624,-160,544,320,832,768,64,736,992,1008,1408,592,416,192,64,336,416,464,400,272,112,96,-256,-16,-272,96,-64,-80,-368,-16,-64,-352,704,16,144,432,224,-208,96,496,736,400,-192,-16,-352,-32,-288,-16,176,-160,-272,-32,-96,-496,48,144,-672,240,-496,192,-368,-16,912,0,704,368,1840,464,1104,960,640,208,208,80,464,0,496,-5168,192,480,496,-224,144,48,496,384,-16,2368,-640,-80,544,320,96,560,64,352,544,-1248,336,-80,592,672,128,272,304,496,304,320,416,144,208,32,-112,-240,-320,-64,160,-304,-528,-288,-352,-32,336,80,-224,-656,208,352,176,48,144,-224,right,15932.204645567701
-224,-112,0,-96,-176,-400,-48,-240,80,-432,304,-112,-352,160,144,832,-512,-176,-240,688,752,640,576,960,832,1264,336,256,400,416,320,448,96,288,144,736,-96,80,304,704,-16,-144,176,160,-112,864,-144,192,-160,-240,608,672,576,960,1152,1152,832,544,960,400,176,240,256,80,240,1360,288,16,496,-16,-112,240,112,80,16,1072,304,80,496,-80,1008,1328,880,800,1088,2608,576,896,1504,1360,16,304,176,-16,384,112,64,272,0,208,528,-240,16,48,128,1120,-32,128,384,80,384,256,752,368,432,544,64,16,720,96,96,-32,-48,-112,64,-80,-128,80,-32,-208,64,-32,560,208,336,-416,240,-144,320,-32,928,-16,1184,704,400,864,80,720,1552,432,496,320,416,176,32,528,464,304,512,192,-272,-224,-48,-80,-48,64,-112,-336,-656,128,256,304,-96,688,160,384,208,96,784,96,-304,-128,-400,-176,64,-32,-48,-400,-784,-224,-336,224,-224,-576,-1008,256,-64,-80,-496,-384,-144,432,448,256,3664,624,256,784,1440,272,400,64,208,-144,64,144,416,464,464,-640,336,0,-16,96,448,416,-640,-16,96,800,304,32,400,624,-608,864,720,256,16,976,64,688,208,144,304,112,208,-352,32,592,-320,-224,-96,-400,-384,-496,-496,-144,-432,0,80,640,-192,-480,-160,528,288,-160,80,656,right,20737.680117487987
-16,144,-192,-16,-16,-480,64,-256,-64,176,-32,64,-224,-16,112,480,-144,240,240,80,512,352,1120,528,96,1856,0,64,1360,672,224,320,272,464,544,-208,176,-16,864,176,-16,-496,-448,-112,-240,960,320,-256,-80,-192,624,560,656,416,800,1152,1120,656,1056,624,288,192,-128,256,160,1344,128,464,-32,-48,80,128,16,-96,208,272,160,144,240,144,880,1088,1184,1232,768,1568,976,1072,1536,1120,464,160,16,304,32,272,368,416,416,272,-80,-112,176,224,464,128,-32,208,96,96,336,96,752,192,304,0,208,-64,912,96,-32,176,-160,192,-176,-528,80,-208,-96,176,-400,80,-32,96,-160,160,-16,128,176,-400,768,560,848,512,1056,608,80,592,1520,928,64,496,240,288,192,448,480,64,224,-16,-48,144,-48,-384,-208,-160,-512,-48,-480,-320,64,592,144,560,256,416,96,464,864,-128,-48,-368,-144,-256,-112,112,-64,-48,-176,-80,-272,-464,-32,-48,-560,368,-16,384,-432,-432,576,400,1008,0,1680,1008,624,384,736,560,-128,320,192,240,-5008,240,224,352,-80,160,400,128,32,96,2672,-208,32,48,144,256,336,448,448,672,768,480,288,624,128,384,48,160,224,464,336,160,304,-80,480,672,-432,-336,-384,-144,-480,-272,-288,-80,-304,80,0,-128,416,272,-64,-32,-64,112,256,-176,right,18239.802577816372
-224,-80,-32,-240,-80,-336,-208,176,-32,160,128,-16,-32,80,160,528,-672,176,256,208,736,672,576,592,832,1312,752,16,1216,496,464,336,432,304,1376,-208,-256,-96,752,400,-64,-80,-272,-80,-416,928,-112,-16,224,-160,800,768,704,1088,1744,1024,560,768,1248,960,64,496,224,368,128,224,1328,176,160,16,96,192,240,32,144,48,704,176,208,128,1024,1104,1104,1120,1120,1024,1536,896,1120,1872,64,144,64,112,288,192,160,320,80,240,96,64,240,-240,128,0,144,16,416,320,464,400,176,608,512,256,-208,240,16,1344,-16,-112,-192,-256,32,-96,-720,-160,80,208,-768,304,464,-320,400,-448,-240,-192,112,432,1488,736,-32,1408,704,816,448,-256,768,1392,160,0,384,144,0,432,320,240,112,256,-240,-336,-48,-336,-400,-128,-64,-48,-112,80,-96,160,64,320,0,528,0,128,560,144,-16,-272,-192,-48,-288,-112,-112,-64,-256,-352,-416,-160,-48,-208,-64,-96,16,96,176,-208,720,736,384,512,416,448,352,96,496,976,112,192,384,400,128,240,96,464,480,-208,224,320,784,208,112,272,-384,-80,-224,240,-80,256,416,384,736,320,592,176,0,368,16,304,336,272,384,208,-32,-48,-192,288,-256,-16,-144,-496,-176,-16,-480,-16,-448,-32,-160,-224,64,0,256,-160,96,-480,672,288,right,25864.746267592822
-192,-192,16,-192,176,-336,176,-192,96,112,80,128,80,368,-352,1024,144,496,-128,-240,880,848,528,928,1520,1024,320,384,1424,1200,464,304,400,336,304,1632,240,752,128,144,-96,64,-48,-32,-192,96,-208,-384,-80,16,784,1008,960,816,-656,640,608,528,416,976,208,64,48,160,-240,-48,160,128,384,192,224,-160,96,-144,-688,-32,-64,16,176,48,1024,1120,1040,1216,1888,1040,848,1312,848,1248,176,272,464,240,112,304,416,288,192,-240,240,288,144,384,208,304,544,400,432,-128,624,432,128,720,384,48,384,320,736,-96,144,-112,-32,-64,-176,-224,112,-64,-16,-64,32,-160,-32,208,-208,128,-112,240,448,-192,496,1472,784,560,512,816,1040,528,1184,896,480,288,272,384,336,336,80,160,720,448,-112,-496,-16,-224,-144,-288,-336,-160,224,-48,704,736,-160,112,544,192,-144,128,672,112,48,-240,-272,-240,-176,-512,-288,176,-912,-16,-80,-240,-240,-32,-32,-32,-224,-304,144,-16,704,800,128,432,672,512,176,240,864,608,240,224,176,96,-192,-16,192,-144,720,80,288,368,-32,368,-112,496,240,160,528,-16,848,320,288,624,80,160,192,304,304,464,352,192,464,336,336,384,224,320,224,432,-224,-224,96,-48,-336,-176,-64,240,-544,128,-144,416,224,304,192,576,112,-48,-368,256,left,20244.63977240379
-16,-112,16,-240,-16,-176,224,-16,160,96,496,80,-160,368,32,-80,432,-96,-224,96,256,48,288,544,512,640,288,160,560,864,272,272,400,272,112,304,256,320,272,464,64,48,-96,48,-48,-128,-32,-448,256,-192,752,1200,480,928,752,624,752,656,928,896,240,64,176,96,144,-224,-16,176,64,80,240,0,112,128,-16,-192,288,240,128,240,1040,864,1088,1200,1056,1056,1088,1184,832,768,272,272,256,80,432,496,272,-96,256,384,128,16,128,32,-16,80,64,208,384,112,416,336,416,176,320,448,528,496,416,384,32,-16,-64,176,16,160,-96,-352,-96,-112,400,128,448,224,-16,480,384,-208,224,-80,1056,832,688,528,1360,1216,32,560,432,560,240,352,272,336,80,304,416,240,288,464,-16,-320,-176,0,-320,64,-144,-176,-80,-160,0,96,688,432,544,128,96,560,0,1008,-336,-320,-16,-64,-272,-240,-128,-96,-176,-8480,-96,192,-176,-176,-80,-64,-16,-176,-480,9232,688,80,640,512,944,704,304,208,544,0,144,160,496,688,48,192,208,112,32,128,-160,384,240,48,240,256,128,432,144,240,464,416,256,256,-240,544,512,544,752,336,240,464,128,432,272,432,320,272,80,192,-240,16,112,-416,-80,-144,-336,-400,-160,-416,-320,-448,144,-608,272,352,0,432,-224,-416,left,55647.94963048467
224,0,-176,240,80,-512,-32,-48,144,0,48,64,32,-224,-16,320,688,80,-240,-176,352,816,1072,1456,368,736,464,176,1488,224,272,384,416,448,432,2608,144,288,-16,384,-336,-272,240,48,-240,-608,-288,-304,-208,-16,1232,992,656,784,576,2032,544,944,1216,464,240,32,80,320,144,-800,176,48,640,256,240,224,304,-32,112,-880,240,-144,320,144,1216,1088,1184,1072,1200,736,864,928,1280,912,272,352,288,192,256,480,272,192,80,288,16,192,96,112,496,848,160,240,128,160,400,400,320,160,704,-304,-480,176,480,128,112,-112,0,-16,-48,64,-208,-224,-32,-64,352,-144,-16,-176,176,-64,-464,496,-240,336,176,832,752,720,816,176,496,1744,512,704,480,192,256,304,400,240,16,496,0,384,-160,-112,-128,-400,-448,-368,-304,-432,0,-176,304,592,336,368,240,384,192,272,144,496,-336,-240,-400,-48,-192,96,-176,-272,48,-224,-16,-32,48,96,-32,-160,-48,-496,-160,0,288,208,944,992,448,592,656,688,-64,416,464,192,176,224,528,128,-32,160,96,208,0,672,432,128,784,304,288,640,-160,464,-96,336,-128,-16,1744,224,592,608,608,672,480,96,48,288,-4128,480,432,400,112,448,-96,-432,-48,192,-1376,112,128,-1056,128,-608,448,-368,192,-448,-896,-496,496,-160,-448,224,left,17208.200574259932
-112,160,-16,224,-192,-192,-496,80,-80,176,-96,-16,-176,208,-32,-48,192,32,320,-208,16,48,224,864,912,1136,512,368,1008,1824,272,272,288,384,304,192,1968,224,224,304,-112,-336,-80,-144,32,-304,-272,-80,-16,-16,864,784,640,848,816,1072,1584,656,784,1024,80,288,128,80,192,256,-768,496,-112,560,240,-224,224,192,32,-304,-432,160,48,272,1472,800,1104,1008,1088,2464,944,928,1264,1728,64,336,368,112,288,464,336,336,304,352,496,160,-96,288,480,80,688,-160,128,224,800,32,176,624,448,608,160,208,0,800,-496,-48,-16,208,-16,96,-16,32,-192,-48,-240,-256,176,112,96,80,-272,304,-64,416,880,656,1296,288,400,768,1280,720,1728,-128,176,16,256,144,384,384,160,176,176,240,-336,-176,-256,-336,-288,-208,0,-32,-192,-160,80,-64,288,464,672,896,128,-112,16,1008,-32,-208,-208,-400,-64,-32,-128,192,-464,-384,-16,-16,192,-320,-736,-160,400,-144,112,240,-64,544,224,480,256,256,640,752,544,160,160,96,240,128,176,240,80,-96,-16,496,672,176,-64,80,240,336,400,272,144,560,0,112,432,96,80,656,592,352,352,256,112,176,176,32,432,320,160,240,432,416,-464,-448,-320,112,-112,-432,-400,-128,208,-112,144,352,-448,16,32,-128,208,-560,-432,256,left,26729.7978839249
-32,144,-16,-16,-288,-640,-80,-144,16,-112,432,160,-176,80,496,768,0,48,-288,448,816,720,896,960,1072,1408,720,848,1088,528,304,304,272,48,416,2400,208,736,80,128,-112,-160,-304,240,-432,-416,-144,-192,-160,160,1168,832,480,912,640,1584,656,752,976,1184,304,192,128,176,160,-576,-96,128,400,160,208,192,32,224,128,-640,208,128,32,240,1024,800,1312,1072,1232,992,976,1088,1216,1008,400,32,256,80,352,160,304,48,336,64,416,208,352,160,-32,976,400,48,304,480,512,144,304,400,176,128,32,624,432,512,0,112,-64,16,1344,32,-48,-224,-16,-80,304,-16,-112,256,-768,96,0,-32,-272,0,1616,864,528,560,800,624,896,1456,320,1456,208,208,128,304,-928,64,192,256,448,496,-256,208,208,-224,-1184,-160,-224,-352,-368,-48,80,576,304,304,3184,144,-144,944,272,512,-256,-240,-208,-288,-304,-336,208,128,-448,-16,-320,-192,-16,-112,-96,-176,-96,-48,-176,-256,496,640,464,688,720,112,160,448,768,448,32,224,-80,48,192,144,-16,-272,544,-96,288,704,80,480,496,336,352,560,-64,176,240,480,672,576,640,16,192,352,304,592,144,352,144,240,304,336,400,272,352,384,-352,-608,-304,-112,-64,-16,-16,208,-912,-16,-464,-592,-368,272,336,-560,48,368,-336,-368,left,22506.78003686815
-160,-16,240,128,48,432,-112,-176,48,-16,-32,0,-96,96,48,512,608,432,48,272,384,560,336,1280,1328,848,464,576,1328,48,416,384,352,448,352,-464,288,144,704,-32,-288,-480,384,144,160,128,176,-176,-128,-224,688,736,1344,448,512,160,608,1008,832,688,176,224,224,256,0,-384,64,-80,336,64,336,128,224,-16,32,-912,192,176,368,32,1040,928,1232,1152,1008,1264,816,832,1984,896,496,272,80,416,384,0,496,496,160,416,352,240,96,176,-96,-80,432,-176,448,112,48,160,592,512,368,224,-128,0,1088,-192,-80,-144,80,-208,-80,400,-128,-256,208,-160,-176,-64,-352,128,-64,-160,144,224,-288,96,512,864,256,1184,1136,864,608,112,1024,624,480,480,272,368,256,-112,176,144,384,272,-272,-432,-352,-48,-224,-208,-224,-32,-496,-112,528,208,656,464,384,80,208,-336,1024,32,-160,-304,-80,-160,-560,-128,-16,-48,-816,272,-384,-96,-336,-400,3120,-192,-128,-176,480,-16,256,528,272,128,1856,816,32,512,1136,400,32,80,80,-96,48,192,-16,-192,-16,272,144,224,-48,96,-96,288,48,-224,128,-240,-48,-80,496,592,336,272,240,416,96,592,48,416,400,256,432,144,320,304,384,-96,-16,-112,-16,-144,-112,-176,-144,224,-128,-480,48,480,720,-48,256,48,112,-208,-352,400,left,15387.173062503223
-32,32,-144,-32,-80,-272,-16,48,-208,64,-336,-128,144,64,-208,752,176,-320,496,-304,528,1008,160,48,1488,1120,384,240,1440,432,320,400,320,112,1488,-16,64,-208,912,0,-16,64,-224,144,-240,736,-32,-160,-64,-368,576,848,576,848,2080,1328,656,656,1392,416,80,144,112,176,80,48,1520,80,352,-80,-16,240,352,80,400,-112,528,240,272,64,1008,1232,800,1296,832,848,1792,976,864,1664,288,0,224,48,352,336,128,128,272,496,-208,192,240,128,400,288,288,272,304,752,528,704,128,496,256,176,-256,304,192,768,-64,-144,-128,112,-64,-224,-272,-160,-192,240,-224,176,-16,96,224,240,16,-272,16,-720,592,448,912,896,992,1216,368,864,416,992,336,400,128,224,160,432,256,240,448,496,-192,64,-224,-32,-48,-160,-240,-224,-112,-160,-144,272,160,208,400,80,128,-48,352,-192,-48,-464,-368,-16,-272,-304,64,-176,-320,-80,-112,256,-48,-528,-80,-32,192,144,48,224,528,256,432,496,976,480,848,720,320,-96,416,208,160,-80,-96,96,608,480,416,-128,256,208,128,16,240,416,-336,240,464,336,640,448,640,384,256,32,208,224,512,160,352,192,384,304,32,336,-16,16,448,48,80,96,-144,-384,-64,-304,-256,128,-288,-144,416,-448,288,-128,480,128,-16,-64,400,96,right,19717.594944821358
80,-80,-144,-160,-176,-208,-112,16,160,-128,192,416,144,112,-128,-16,224,352,-176,-240,192,880,848,656,752,480,112,704,1584,704,320,496,256,176,368,1376,496,160,496,224,-16,-192,-32,112,-272,-976,96,-48,-288,-336,1104,1280,976,768,832,2048,560,912,1280,544,64,80,160,48,-112,-592,-192,224,320,192,-32,-208,96,208,160,-464,32,208,544,48,1328,1296,1040,1168,880,1072,768,848,1648,544,176,48,224,224,144,496,176,208,0,272,304,432,176,160,96,192,208,240,-96,192,304,512,160,320,256,32,-96,224,560,32,240,-400,-144,-48,128,128,-208,208,-240,-32,0,-16,-80,16,288,-352,-432,-64,-144,-160,1184,608,1456,960,304,960,400,624,1200,-80,400,256,160,608,-880,240,64,96,384,256,-144,-144,-64,-240,-1440,-16,-256,-144,-32,-208,320,464,704,64,2784,0,-48,464,608,32,-192,-144,-224,-192,-176,-144,-144,144,-176,-144,-32,-208,-16,-208,-368,-432,-400,-272,-96,208,704,288,512,656,192,448,800,592,816,544,192,192,288,0,224,496,-32,128,192,0,176,-224,432,320,304,240,144,448,592,-336,352,208,464,304,176,272,1072,976,48,960,336,224,208,336,400,480,208,288,288,240,-384,-176,-240,-16,-128,-480,-192,464,-656,-160,-304,-16,0,192,160,-560,-128,-272,0,80,left,14325.231935655172
-16,176,160,304,-16,-416,48,240,-224,-16,-208,272,400,448,32,560,336,448,112,-16,592,912,880,672,608,1440,352,800,1536,-192,400,272,368,352,368,1968,176,352,112,-176,-16,-16,-16,-144,-112,-352,-448,-240,-288,224,800,976,912,1008,960,960,784,688,1296,608,256,160,288,96,176,-720,96,-176,752,80,96,64,144,224,128,-672,416,64,400,-16,928,1088,832,1248,960,800,944,592,1552,544,48,80,80,224,320,480,288,128,480,368,144,416,48,384,944,656,48,-144,32,32,32,240,208,368,256,16,416,384,800,656,-96,-96,-32,-112,1488,80,16,-32,-208,-112,80,208,192,-64,-848,-704,48,80,432,16,944,912,864,1344,448,1104,-224,848,704,224,464,352,224,480,-320,96,-16,256,496,128,-464,-32,-272,-112,-1104,-304,-272,-208,-16,-128,288,144,256,-96,1936,-240,-16,208,-128,-48,-240,-208,-336,-464,-192,-240,112,32,-176,-336,-64,192,240,-128,48,-32,112,-160,-176,16,560,560,592,-80,848,304,496,416,384,320,112,208,128,112,-128,32,16,112,16,336,176,240,672,80,752,-16,32,112,80,48,400,400,160,80,96,368,320,-112,128,928,32,176,416,240,432,448,0,400,432,96,-512,64,-320,-240,-368,-96,-96,-64,-224,-144,-368,160,16,288,-288,432,48,80,352,208,left,12986.695356036626
48,-16,16,-240,-176,-544,-208,-112,176,-112,-80,368,-80,128,-112,784,240,-208,144,304,784,1232,224,976,1056,288,928,304,848,784,448,256,464,432,48,2160,96,480,432,128,-208,-16,160,-256,-48,-224,240,-352,-240,-208,1344,688,944,784,928,1360,976,640,1248,336,128,176,224,128,96,-768,240,-16,624,96,272,144,80,64,-544,-720,128,144,624,0,1168,1456,1312,1200,2208,944,896,1168,1616,784,48,128,32,112,176,304,240,96,320,64,384,112,96,144,288,384,864,384,144,224,256,272,256,208,384,592,96,96,0,208,64,-352,16,-16,-80,-64,256,-16,-160,-144,32,640,-64,-48,112,96,32,64,256,288,48,1200,544,528,736,848,1120,320,1216,608,288,0,288,144,432,304,144,128,192,416,-336,-352,-416,-400,-112,-240,-240,-64,-448,-448,592,768,288,416,64,496,-64,-256,-352,96,-432,-352,-256,-272,-272,-128,-16,96,-48,-16,-80,-16,144,-240,-64,32,112,-336,-64,-144,528,16,1104,560,624,448,352,320,528,368,112,-16,-64,224,224,48,-32,-272,-80,240,-16,224,432,16,304,-80,224,240,256,288,448,464,352,816,192,176,-32,240,240,144,112,496,224,272,304,144,96,208,16,112,-320,-32,-656,-256,-208,-416,-224,96,-912,-48,-192,368,-32,80,528,-208,176,-112,64,0,left,13774.930719628985
32,16,-96,-208,-64,-176,-96,240,-80,-160,352,-32,80,352,-128,-80,448,368,-176,160,960,32,768,800,672,992,560,528,1536,1312,272,400,224,320,240,1392,352,320,592,16,-144,96,-80,240,-336,-448,-16,-160,-240,192,1056,816,1120,848,752,2528,592,720,1568,880,128,304,320,96,336,-128,-192,240,528,352,96,-192,80,128,48,-816,480,-208,496,64,1120,1280,1120,848,1088,896,864,816,1568,688,304,272,176,32,176,272,304,448,208,64,32,240,448,208,80,240,432,-48,304,288,32,384,0,480,32,0,160,272,768,-112,-144,-176,-96,-160,16,352,32,-208,-256,-64,-144,672,304,-208,144,-128,-32,-432,176,176,912,768,448,1056,816,800,1056,1632,1696,448,336,496,128,96,304,-32,80,96,304,0,-208,-16,-256,-368,-96,448,-448,-368,-480,-336,688,48,336,288,320,352,480,80,144,0,-416,-272,-16,-432,-128,16,-160,-80,-384,160,-112,-496,-256,-416,-192,512,128,-96,256,160,416,192,256,720,720,416,656,592,352,560,160,16,48,192,3024,112,-176,-64,272,-16,272,240,112,-208,3712,464,368,464,-160,80,96,672,976,352,2480,48,352,656,-16,560,240,160,336,544,240,240,400,592,480,160,-96,-352,-64,64,-64,-160,208,192,-288,16,-256,0,-176,160,-64,192,112,192,-32,112,left,16532.014874320026
-32,-128,-32,-16,208,-160,240,-192,240,-304,-48,-112,176,592,-96,176,128,-16,368,1200,400,320,512,208,800,464,448,976,1056,1360,352,240,0,464,352,448,112,304,112,400,-160,-16,-112,-96,288,-112,-288,-80,160,-240,944,832,880,624,848,768,816,672,912,688,-16,256,80,48,448,304,128,16,32,176,-16,-208,208,176,112,-240,208,144,-16,80,1232,1056,1024,1136,1216,1072,896,1168,1280,1216,464,272,416,96,176,208,256,288,80,432,432,32,192,112,256,192,432,-64,192,-16,288,448,80,736,32,160,0,320,384,384,-176,240,-208,-64,160,-112,-144,-176,208,-240,-128,-368,-64,432,128,176,0,-192,-208,-96,816,320,1168,528,336,736,1024,336,800,0,192,384,224,720,240,640,288,384,288,336,-96,-96,-240,-288,-640,-352,-352,-64,-112,128,160,448,128,352,320,224,560,80,16,112,-208,-208,-336,-464,-448,-144,-240,-320,-384,-160,-112,256,240,-176,0,80,-16,-176,-80,-1120,272,320,848,576,976,976,1072,256,608,2160,160,32,432,128,-64,16,160,336,352,192,400,-224,-16,128,64,112,608,160,432,352,336,864,128,64,416,512,576,512,464,-256,96,112,400,496,272,240,96,432,288,96,-32,-256,-48,-448,-112,-128,-304,-16,-64,-208,-512,96,-784,256,176,112,-448,-496,-64,80,right,24814.668629535317
-112,-160,-16,-16,-64,-16,-16,-80,-240,-320,288,80,48,224,432,-96,192,224,-80,368,768,944,784,32,320,960,256,272,544,1280,384,224,576,208,368,288,496,304,160,528,-128,128,-400,-64,-32,-64,-16,64,-16,128,1008,720,544,1056,688,1184,624,704,896,656,304,176,208,320,96,240,416,208,496,16,112,-32,-32,240,368,96,240,-48,416,-16,1136,1072,1232,1248,1232,1168,816,832,1312,928,224,432,384,128,0,240,176,464,16,176,-176,128,160,32,160,32,176,192,288,368,560,304,464,752,432,320,816,16,400,640,48,-32,-160,-128,64,-48,-96,-80,112,-64,-112,-16,-32,208,-224,480,-96,-64,-256,-224,1056,1280,672,848,16,1104,992,1200,976,624,240,0,288,416,256,256,176,448,256,240,-304,-128,-48,-400,-16,-144,-64,-256,-368,-144,496,144,448,-384,720,432,-64,384,208,64,-432,-160,-320,-208,-128,-352,-224,-368,-16,80,-176,-64,-208,-80,-112,-80,-48,-80,-96,-7504,640,656,544,1072,848,816,592,912,784,3744,240,240,-16,224,96,-80,80,368,48,-16,-192,96,224,32,-96,96,-16,384,160,128,336,272,288,128,144,832,384,272,480,192,752,240,48,320,320,288,208,80,448,240,-16,-528,-384,-160,-720,-512,-32,-288,-240,-368,-16,304,-48,272,128,96,192,-240,-176,-144,right,41826.31469470857
-112,-224,-224,128,-64,-32,-160,-16,240,-512,224,-224,128,-48,80,0,80,240,336,1184,592,1200,720,512,704,368,1056,592,16,1584,496,528,352,480,384,256,480,16,352,272,-160,-352,80,-384,64,-80,-16,-352,64,-16,784,544,368,928,544,592,1184,800,704,960,160,144,496,448,112,224,240,496,96,272,80,208,64,144,-224,64,144,176,-48,16,1488,1104,1216,1280,1312,1200,1072,1248,1040,1088,112,416,224,304,80,432,336,480,352,256,304,-80,208,144,256,352,272,144,256,176,592,368,192,80,352,256,368,416,240,368,-144,-144,-336,96,-96,-16,-208,-160,112,-160,16,224,448,-160,96,176,-192,160,32,656,640,832,464,656,832,448,512,1600,1648,1248,96,272,144,416,256,176,384,240,416,304,-304,-80,-176,-352,-432,-336,-240,-192,-32,-224,304,96,560,608,0,320,176,96,80,208,-240,-160,-224,-144,-256,-80,-192,-432,-80,-160,80,-288,-176,240,-96,-224,-48,-64,96,-2032,544,352,416,400,704,720,688,304,384,5376,240,48,352,80,96,192,80,208,224,240,96,464,16,496,16,176,336,-32,160,-432,464,16,64,544,368,448,416,880,576,672,336,128,512,352,416,352,304,272,32,144,-448,96,176,-272,-192,-416,-160,-32,0,-432,192,384,16,160,160,-160,-240,-112,-128,-688,right,41707.8636084013
-80,-144,-16,-16,-64,208,-96,-16,-160,-224,-464,64,304,80,192,-160,352,272,-16,-48,960,1216,800,416,480,848,576,0,2016,352,272,304,272,400,288,832,304,448,128,416,0,-272,-240,48,208,-304,-208,-336,-32,-400,576,928,688,1056,928,1616,160,400,1504,784,352,320,144,176,112,-528,-64,80,624,480,64,96,48,240,176,-608,96,32,336,96,1168,1232,1152,864,1104,1280,576,816,1360,864,208,496,336,224,352,144,128,240,464,336,-128,96,96,64,240,80,80,464,112,144,576,256,864,624,432,16,-96,-144,368,144,-128,-240,16,160,-112,256,-96,-224,-192,-64,-576,-32,48,112,-128,160,0,352,-448,288,1120,1088,816,1136,560,1600,1216,832,496,1568,288,448,240,64,288,-144,-256,416,128,192,-256,-96,-64,-176,-16,-416,-192,-512,-400,-416,336,224,256,192,432,160,-176,384,176,16,-224,-224,-96,-208,-880,176,-96,-32,-144,-240,-208,-96,-48,496,1936,64,64,32,-256,-192,272,848,592,720,4736,192,96,384,304,560,112,96,32,160,-144,48,48,-16,352,256,256,48,240,64,208,256,128,-96,208,240,272,192,896,496,0,-64,576,240,256,320,432,480,336,96,224,352,384,256,16,160,-80,-16,-336,-272,-96,-288,96,64,-784,128,0,-288,-64,16,256,0,320,192,448,224,left,18751.98516133803
-160,240,144,240,-496,-272,-240,-48,-176,-208,80,272,192,64,16,1584,-240,240,-288,336,1440,624,528,768,672,240,976,1088,1008,544,240,288,208,480,160,1184,112,576,208,192,240,-96,-32,208,304,-256,48,-144,64,288,672,672,688,624,1600,256,736,1376,640,768,64,80,64,96,832,-32,160,336,464,464,208,208,32,64,160,-48,-128,-48,160,16,896,1200,1168,1168,1584,1376,1168,1360,912,1088,320,224,176,272,80,192,352,224,400,352,80,448,224,-112,1312,768,448,336,64,-112,304,256,192,608,1360,832,96,816,0,416,-208,-192,-160,-208,-352,112,-48,-16,-32,-192,-32,-128,400,384,624,-240,128,64,-112,240,736,912,1328,624,1952,1120,-144,1744,960,1168,272,496,192,432,288,288,224,144,480,224,-512,-64,-112,-208,-336,48,-96,-160,-112,-112,336,368,112,480,624,224,-48,464,576,128,-144,-240,-144,-432,-240,-368,48,-16,-432,0,-16,-224,192,-96,-160,80,-32,-400,224,400,304,0,208,624,624,544,-160,912,32,-208,176,240,176,224,64,0,-160,-32,384,0,-16,160,192,368,144,-240,144,-16,-192,32,144,640,384,464,256,368,656,464,304,688,48,272,336,128,304,400,208,400,-16,352,-96,-272,-208,-16,-128,-272,-48,-96,-976,-288,-112,256,480,-144,336,-320,112,192,464,-112,left,19053.082372990582
-48,-48,0,160,-240,208,48,-32,-80,144,-192,160,-16,688,880,-368,32,-176,-64,128,640,368,512,1904,1216,624,976,1088,0,1264,256,352,464,304,336,416,0,800,384,304,-144,-224,-64,-208,864,-256,160,-304,-416,-208,592,768,960,720,2400,608,688,1056,1280,896,288,144,0,256,1392,208,288,240,144,64,16,144,144,80,384,48,112,128,192,0,704,1056,1120,976,2960,848,1456,1552,704,1232,144,64,416,288,176,528,48,192,368,256,-192,-16,352,208,224,944,-16,160,-16,288,480,416,432,352,448,-208,144,144,928,80,48,-224,128,-64,-112,-32,-160,-80,240,144,-256,-336,352,336,-144,128,-384,-128,48,-192,-224,1056,288,416,784,-192,1024,752,1168,624,240,32,48,208,496,544,256,400,32,160,-464,-32,-64,-336,-480,96,16,-192,-656,-240,128,160,304,368,336,-64,144,384,80,-96,-208,-224,-64,-208,-480,-128,-32,-288,-176,32,64,-64,128,-32,-256,272,-96,-64,-480,416,368,800,976,768,864,784,528,0,896,784,-16,32,16,-160,32,256,160,448,-48,144,480,480,-64,112,-32,-368,-64,432,304,256,608,336,384,640,240,576,64,352,720,176,336,320,208,272,432,-368,176,112,464,176,-464,144,-48,112,-304,-464,-64,-480,128,128,144,96,-320,-592,272,-176,-32,16,-368,-352,right,19474.48406472312
-208,-224,80,80,0,-432,-224,16,-192,160,-96,224,-16,-336,-192,848,192,48,-464,-224,576,880,832,448,320,176,560,1120,464,560,496,352,320,368,192,2304,272,432,-16,224,-352,-144,-240,192,96,-384,-144,160,-16,-272,1184,960,880,864,832,1888,272,864,1184,624,256,160,400,48,128,-880,96,64,432,336,112,48,160,112,144,-640,48,144,96,240,1040,1120,1040,1136,960,544,1088,1376,1104,1328,496,128,0,352,320,144,176,96,208,240,48,0,384,400,448,784,96,208,256,-48,336,480,368,704,208,160,0,544,-224,448,-16,0,-192,-32,1184,288,-32,-400,-160,-112,-400,-176,-160,96,-720,-176,160,336,64,256,-208,1296,896,1408,-160,1696,736,960,368,1568,480,256,144,272,-528,176,256,432,48,320,-416,-144,-448,-80,-416,-144,-112,-368,-320,-480,320,688,-224,560,2592,-32,-48,720,384,576,-208,-160,-400,-16,-336,-384,240,128,-928,-16,-176,-160,-144,320,-96,-208,-16,-528,208,240,544,464,112,912,816,672,-64,576,560,288,384,160,128,208,464,32,-32,32,272,32,688,576,272,208,144,240,592,-96,752,176,976,192,592,448,400,768,144,-144,896,400,224,336,144,128,192,480,400,368,32,96,-16,-256,-224,-48,-144,-256,320,-128,-528,-192,-336,-400,-240,144,-240,-80,-256,0,-624,-208,left,20286.176252464105
144,16,240,-32,-192,224,-624,-240,-192,144,-32,416,384,-16,-80,256,112,-144,-48,496,512,448,640,1248,688,864,960,-208,608,1216,560,288,496,464,320,224,-320,320,240,576,-208,-112,80,96,-16,-32,1040,48,-112,-432,752,1168,800,784,976,784,640,576,976,784,16,240,272,64,128,304,1296,304,64,-96,144,144,208,224,-176,-128,752,192,176,-112,1120,1280,1024,1264,1040,1152,1264,1024,1184,1232,64,160,80,256,320,-528,64,224,480,496,80,-224,224,128,-48,-2944,-304,240,32,288,352,448,16,384,32,1440,-400,240,608,128,-48,-208,-16,240,-48,144,-592,-48,0,-288,496,-80,64,-64,208,-400,-128,384,-208,-48,1136,928,896,1232,1712,944,304,752,896,1376,320,480,448,208,288,208,480,464,192,384,-176,-496,0,-32,-208,-480,-400,-224,-192,-480,336,288,416,496,224,512,128,736,256,992,-128,-272,-432,-432,-400,-144,-400,-64,-192,-624,-272,-112,-272,-432,-80,-176,-48,496,128,-64,272,320,0,416,640,640,208,576,336,1216,0,192,208,144,16,112,112,464,192,144,208,256,496,256,64,416,-48,-336,-224,512,304,256,384,544,272,0,656,256,-64,1136,192,496,336,240,256,224,384,-48,-48,880,-336,240,-400,-96,-128,-320,-416,-112,-112,-496,-672,80,-48,208,-112,-688,-656,16,128,128,right,31285.597000352293
128,64,80,240,-512,-624,-208,-32,-192,16,448,288,-64,480,32,-992,-304,-144,368,240,848,1152,624,992,1760,272,160,464,1472,352,144,304,704,480,896,-848,144,80,768,368,-208,-16,-32,-48,960,608,-112,224,-288,-464,656,784,880,720,2416,688,928,832,800,688,176,112,432,160,144,32,1152,320,0,-16,240,128,-32,48,-160,-16,304,32,128,-112,1200,944,1216,832,1024,1168,576,1184,800,1232,304,96,0,304,208,176,-16,16,400,384,176,128,208,96,32,128,-560,160,352,240,256,400,416,64,208,352,432,352,16,304,-16,-32,-80,-32,-288,-16,-480,-160,-128,-112,-176,96,-16,144,-208,32,256,16,96,528,976,240,1088,832,512,1472,1200,800,576,944,432,272,80,272,144,416,128,288,432,352,-304,-16,-144,-176,-208,-416,-160,-80,-32,-32,304,112,192,176,-80,208,432,-80,1104,464,-416,-16,-64,-96,-16,-272,80,-208,-464,224,0,-48,48,-144,-32,128,-48,-16,128,64,992,592,512,368,912,112,384,832,752,816,240,240,128,192,224,-48,288,96,64,176,720,-144,192,192,416,560,-32,-96,688,192,16,16,704,272,576,-288,32,288,1072,112,272,320,224,160,496,480,256,16,448,288,-672,-16,-224,112,-464,-32,-368,224,-464,176,80,192,128,-16,-32,-224,96,-304,48,-192,right,18923.51708033643
-64,-80,-64,80,-16,-528,-16,-96,-16,-112,-16,-160,112,-128,-480,624,176,32,-336,-16,704,1040,0,704,992,816,112,320,1232,672,400,0,256,224,256,2208,448,448,192,144,-336,-48,-32,-128,-16,-624,-144,32,192,32,576,912,960,576,1456,1824,848,512,1616,544,112,192,160,192,320,-624,112,-16,544,160,160,240,-16,48,-160,-560,208,176,320,-128,1152,1088,1024,1104,896,992,944,1168,1520,816,176,256,208,320,144,112,320,96,304,48,144,224,304,448,160,1264,144,144,32,176,480,272,320,720,256,32,672,608,544,192,-48,-144,-64,-160,272,560,112,-160,48,-160,-208,304,400,-80,-336,-272,480,320,240,16,0,880,800,528,80,1376,0,704,960,480,304,336,192,224,-1056,-48,0,448,304,16,-16,-176,-96,-224,-1104,-352,-480,-384,-96,-64,624,272,320,160,3472,64,48,336,448,768,-304,-128,-288,-16,-400,-480,-128,-112,-544,-272,-304,-192,64,16,-672,352,224,-432,-176,-448,448,16,864,560,656,320,480,-96,560,896,-16,240,192,144,112,-32,-112,-112,512,224,240,240,224,400,240,0,608,80,512,16,144,512,672,128,336,320,-192,688,688,-16,304,208,240,272,144,336,496,256,112,112,-624,-112,240,-240,-144,-352,-224,-80,-1312,64,64,400,48,-112,336,0,0,-16,-160,-128,left,15219.664016097546
-176,272,-16,-160,-16,-176,-16,-16,-128,48,208,-80,32,128,-80,-672,160,368,-112,-160,640,784,704,1104,768,1104,560,320,1888,96,432,208,176,448,528,576,304,400,208,176,-16,-48,-128,-32,96,-160,144,-144,-304,-160,528,576,704,704,832,944,624,592,1248,592,96,-80,336,160,496,-704,240,176,768,48,112,80,-16,240,288,-592,-128,64,384,-240,1376,1120,1152,1120,2112,1280,1056,928,1344,784,272,416,384,496,64,176,-160,80,96,336,-96,0,400,496,128,-112,-144,48,96,112,384,288,160,528,0,512,-240,80,144,1040,192,-32,-128,80,-352,-80,256,208,-160,-96,224,96,448,-256,352,416,-272,-544,176,800,1280,880,592,1024,368,1024,656,640,656,960,80,224,352,304,272,224,-224,240,144,288,-320,-48,-224,-256,-160,-304,-112,-256,-336,-144,320,416,160,192,160,208,544,96,384,384,-224,-368,-448,-96,-176,-224,48,-128,-176,-32,176,-432,-256,-160,-64,-224,-448,-144,-400,64,-144,624,1168,288,272,352,576,528,304,1072,160,32,416,-112,96,112,-112,-208,-160,192,-192,64,240,192,32,112,336,-144,64,-16,576,576,272,1024,272,688,320,608,560,272,272,336,464,464,496,16,192,240,272,-16,-128,-368,-112,-32,-144,-512,-112,192,-608,-304,96,48,176,32,16,192,288,-320,336,-480,left,19443.573350940354
-16,16,-16,144,-368,16,-160,32,96,-496,-64,-32,112,-336,48,-144,-160,176,208,256,992,496,592,1152,608,544,704,736,256,928,352,304,400,272,256,256,416,384,240,432,-256,-512,-32,-80,-64,-240,-208,-416,-96,-128,928,1296,1088,704,800,592,656,1328,960,976,160,208,368,464,0,160,-112,96,352,256,16,160,48,-128,160,288,240,64,32,240,1200,1056,1248,880,1248,1152,1088,800,1024,1216,48,400,288,64,0,176,384,368,240,-96,80,208,-64,176,48,256,192,432,176,-2848,352,464,608,464,400,352,384,544,736,592,64,-128,144,-288,-208,-208,-160,-64,-224,-176,-272,48,64,112,384,400,-16,48,240,-368,128,1168,512,48,1536,1168,672,864,944,1072,176,208,368,352,320,464,32,208,480,464,-528,-416,-256,-272,-144,-352,-272,208,-160,-320,416,320,-144,80,304,288,384,480,272,384,-32,-64,-336,-144,-160,-512,-336,-256,-80,-32,-112,-240,-64,-688,-144,-64,-304,-96,-224,-64,80,624,384,256,480,880,944,1296,944,-192,240,64,128,80,-16,240,64,96,352,-16,352,272,304,16,304,64,368,288,32,16,368,256,928,400,512,464,320,64,256,480,384,16,240,272,336,400,256,272,160,208,-240,-176,-128,-480,-16,-176,-208,16,-224,-112,96,32,256,-400,-304,368,-192,-48,240,336,right,27777.507617664814
-32,16,64,-16,-64,-640,176,-64,-208,-96,-400,240,208,-96,-176,-560,-128,-16,320,-192,576,832,896,704,880,768,1104,96,896,368,288,288,192,416,144,-560,240,160,592,240,-96,-48,-432,48,96,928,-112,256,-448,-32,864,1040,976,752,1104,192,848,704,800,1088,224,176,48,48,-16,1152,464,336,-112,-16,192,32,192,-32,-176,736,-64,32,48,128,1088,1072,912,1168,1072,640,816,1104,1328,1104,208,160,432,432,-1040,80,224,224,224,256,144,192,304,128,-3024,-464,64,64,0,416,448,416,960,384,1744,-112,512,272,64,256,-96,-112,-80,-224,32,48,-864,-96,-96,-112,-192,96,288,-64,-176,192,192,272,240,-512,496,368,624,624,768,1232,480,864,880,656,288,528,496,480,112,144,352,176,288,192,-112,-16,144,0,-176,-512,-144,96,-384,-336,96,224,16,592,368,400,720,208,640,64,-336,-288,-288,-192,-96,-112,144,-160,-144,-256,-16,-16,-416,-48,-624,48,-16,-48,-48,-448,464,144,256,656,688,432,528,176,704,144,272,0,208,256,80,128,336,272,-16,48,192,240,256,352,160,704,-624,-272,688,240,256,16,272,192,96,-176,160,-32,944,432,96,432,288,208,208,96,64,-48,736,192,160,-192,-336,-416,-176,-224,-352,96,-480,-192,0,-896,224,-176,224,416,1008,144,336,160,right,17348.759410023373
-144,-320,-160,-48,-144,48,-112,-16,-96,-432,-256,-192,80,96,320,80,240,-80,448,-160,1120,368,704,736,688,992,960,432,1872,992,496,272,368,416,496,464,176,64,464,1632,-16,-128,80,-400,96,-224,-176,48,-16,688,688,1152,832,608,896,912,800,720,368,2736,192,192,288,208,96,208,224,288,256,432,-16,48,224,32,144,192,-16,160,-16,224,1552,1088,1136,912,832,1216,1088,1216,1168,1008,160,304,144,288,0,368,464,448,320,240,80,384,160,448,80,240,256,240,128,80,288,352,368,272,448,320,432,192,16,464,192,144,-144,-224,-208,-80,-176,-144,-176,-176,384,-64,176,176,192,320,-720,144,96,-208,848,864,1024,896,928,752,304,976,992,1296,96,64,432,496,352,304,176,208,240,224,-96,-160,-80,-160,-64,-480,-48,-368,-272,-208,528,704,448,496,80,672,432,0,192,416,-352,-176,-176,-272,-256,-128,-384,-128,-128,-112,224,-240,128,-384,-160,-32,-16,-64,-240,64,624,464,384,352,320,464,288,448,112,224,-16,176,208,128,128,96,240,160,-16,-16,192,464,48,736,256,192,288,96,160,272,320,640,336,208,0,592,672,608,384,464,288,624,160,128,160,240,480,240,272,288,-48,-320,-208,-464,-64,-288,-224,0,-240,-160,-672,-160,272,208,-112,-64,192,-400,0,384,right,27431.589037677393
32,-144,-16,-32,-112,-80,-16,96,208,-64,112,224,304,32,208,16,32,-128,48,96,976,928,800,352,864,1168,816,928,432,736,352,416,368,256,320,432,288,112,464,480,-208,-304,176,-304,-192,288,-128,-512,-480,-176,1264,864,896,768,768,576,960,1312,1072,1040,160,192,496,160,224,64,256,96,96,176,80,64,-32,-160,48,-64,-112,-160,-224,240,1168,1200,1344,1200,1088,1168,992,1040,944,1136,304,336,192,176,240,176,448,112,208,176,192,272,368,80,432,464,160,144,96,272,480,64,80,752,-80,736,464,-224,192,448,-208,-48,-144,-16,-256,160,-80,208,-208,-112,64,96,-208,80,0,-176,-64,544,-64,176,256,960,1056,1776,704,1680,1440,512,544,912,80,304,336,400,48,16,224,400,224,288,-240,-400,-176,-432,128,-336,-16,-48,-144,-96,16,0,384,144,688,624,272,464,192,736,-128,-192,-416,-416,-384,-208,-224,-480,-480,-3472,-352,-272,224,-96,144,32,-272,-16,-448,8944,1120,512,432,960,176,320,688,-256,416,608,144,368,128,176,-16,240,208,240,80,96,48,-208,432,160,96,208,192,240,-48,-336,336,192,272,992,480,592,528,480,336,208,336,240,448,336,224,192,416,112,272,208,-16,-512,-144,-448,-336,-496,96,-80,-160,-208,304,-160,672,-912,368,-112,-112,-256,192,144,left,47131.3735311659
-176,192,-80,-48,160,-160,-48,0,-32,-336,-176,-48,160,64,496,-224,480,160,-80,-336,448,544,336,784,592,784,688,1024,496,1968,336,368,288,160,320,384,352,32,304,384,-16,192,-144,-64,-192,80,-208,-80,64,-528,896,752,512,704,576,640,848,512,896,896,416,32,176,496,48,192,176,496,288,192,96,64,208,48,64,-224,-192,-112,48,-64,976,800,1280,1200,1072,1168,1248,1216,1088,1184,16,256,288,176,432,96,240,144,176,-48,32,-16,144,368,176,112,96,-224,176,-80,288,480,384,224,32,320,496,608,416,2672,-192,-144,224,176,-80,-80,-48,64,144,-96,-80,-496,-64,144,96,384,-240,80,-16,-48,592,240,1136,1600,960,1120,1728,560,1776,352,96,288,192,272,416,304,416,288,16,352,-80,-336,-416,-240,-160,-560,-496,-32,-384,-432,352,480,304,128,144,64,-64,352,224,0,-96,-240,-208,-192,-288,-304,-336,-432,-272,-224,-160,-144,-64,-368,-208,-144,-160,-320,-96,-224,400,560,560,272,112,432,656,256,512,-224,144,-80,48,160,176,240,-96,-32,400,128,32,-48,288,352,304,352,400,16,112,160,208,576,96,464,48,512,560,688,688,800,336,400,336,96,256,240,432,144,144,192,-272,-160,-400,-64,160,-480,-496,-320,-464,144,128,-288,400,448,256,-16,208,-224,-192,0,right,28161.105812108028
224,-16,240,0,-16,112,-16,176,-192,-192,256,144,336,-144,32,-80,480,272,352,-288,960,528,1056,960,1232,784,1120,1072,832,1152,304,400,160,448,240,80,368,256,496,400,-352,-224,-48,-48,-32,-176,-16,48,-32,-16,592,992,464,1152,624,768,896,736,976,448,432,32,16,400,32,176,480,80,208,608,96,208,-144,-144,-208,480,128,128,-16,304,1248,1136,960,1152,1168,1216,976,832,864,2688,160,144,208,112,176,128,304,96,432,304,272,240,32,432,-112,448,64,16,336,144,272,432,512,448,480,624,384,416,352,304,-160,-16,-160,-16,-144,-256,-128,-512,-112,-224,-64,96,336,48,64,-128,240,80,-16,-272,512,624,608,688,816,720,736,1168,720,1056,416,368,320,272,304,304,224,320,80,352,-288,-64,-368,-96,-624,-64,-256,-320,-112,0,320,304,192,-224,0,688,256,320,592,48,-464,-272,-192,-336,16,-368,-368,-80,-576,-384,-16,-16,-112,32,-208,-224,-16,-128,-112,-192,576,128,288,480,416,304,576,400,912,928,96,160,224,272,208,0,-64,432,160,144,496,320,208,208,32,464,160,-256,160,176,800,320,448,336,224,48,224,560,656,32,112,0,336,224,304,432,288,240,272,320,80,-144,-32,224,-192,-320,-16,-320,-336,-48,-224,0,-240,-240,-464,-560,-384,432,-496,592,left,25274.97116423757
48,96,-32,-48,-16,80,-16,32,112,-160,80,-240,64,240,320,176,-48,-224,-208,-96,608,976,768,1248,688,640,768,272,1376,944,-224,320,432,288,336,352,176,352,384,256,96,32,-80,-48,-160,48,-304,-240,-16,-16,672,976,1088,1136,832,1040,992,1184,800,672,192,272,272,304,176,208,128,240,224,176,144,-240,-240,176,64,224,128,224,-176,496,1184,1136,912,976,1056,1184,896,896,1040,1824,432,272,432,320,256,368,320,336,96,-16,240,384,128,64,16,144,112,496,160,2048,320,384,160,176,160,384,304,416,544,-128,32,-16,-160,-80,160,-112,-64,-208,-224,-128,80,192,-16,160,0,-128,-160,-64,64,-96,256,832,1120,896,320,640,784,416,528,976,464,80,272,416,64,96,160,240,352,368,-384,-480,-80,-176,-496,-320,-304,-272,-384,-256,432,128,656,400,608,240,512,704,416,224,-368,-352,-128,-416,-224,-416,-224,-256,-272,-208,-288,-208,-352,-176,96,-48,-224,-384,-352,-480,576,48,384,608,512,256,640,912,0,656,-16,16,0,48,304,-176,80,448,160,240,192,32,-32,240,96,16,368,560,-128,80,624,800,0,80,800,352,480,592,864,368,208,304,0,368,448,208,400,320,256,304,-336,-432,-96,-192,-160,-208,-192,-64,-16,-208,-336,144,0,-16,96,-64,192,96,64,448,left,26963.363783407967
48,-160,-16,-208,-80,-704,-144,-128,-96,-16,48,208,96,-112,0,528,240,592,-240,-192,256,640,528,144,464,720,352,400,1696,992,16,480,208,448,400,2384,128,272,80,144,-128,-64,-256,-112,272,-592,96,-448,-272,-320,688,848,928,928,592,1600,96,720,1472,896,160,240,-16,48,224,-784,-224,-16,928,480,-160,304,112,144,176,-320,128,176,432,96,1104,1248,1216,1216,960,576,1008,864,1344,864,496,192,304,272,496,208,400,256,448,208,240,64,160,64,496,784,240,128,336,128,304,288,256,720,0,288,448,272,240,-16,-128,-64,-96,144,-112,96,16,128,-160,-80,-560,240,-208,-464,144,-288,-416,-176,128,-96,640,912,1712,960,1168,528,320,896,960,880,416,384,336,256,432,192,192,32,384,192,32,-128,-80,-384,-400,0,-96,-32,-304,-128,240,288,-240,272,416,144,32,-144,640,144,-192,-464,-384,-304,-128,400,-64,-448,-192,-64,-144,-16,-304,-208,160,-48,64,-432,128,240,720,464,944,624,544,176,256,1232,320,528,96,240,-48,208,-16,-96,-32,128,384,80,128,64,304,384,592,304,240,400,-48,-192,320,-96,16,288,704,592,240,592,272,576,208,224,240,208,-3376,192,256,304,192,224,-368,-80,-576,-272,-1888,-224,224,-96,-224,64,-32,224,256,-432,-2208,0,-512,-400,256,416,left,18132.343758121897
-112,-208,-48,-192,-32,-624,96,-144,-208,192,96,496,-176,-48,-240,-176,-16,-288,336,240,864,1232,832,608,576,800,448,912,160,1040,304,0,432,128,864,-592,-208,256,32,240,-64,-32,16,-480,1120,1040,-64,-80,-16,-672,624,640,816,928,2576,352,992,1024,576,976,144,384,256,256,384,144,1472,448,112,128,48,-16,240,160,128,64,736,48,48,80,1120,1088,992,1104,768,912,832,1168,1280,864,320,144,368,208,288,80,16,80,112,256,352,32,304,32,160,112,-560,16,240,112,448,144,368,672,640,528,-48,80,704,-160,16,-16,-32,-144,-32,-128,-1008,-64,-288,-144,224,-96,128,-224,160,-208,400,176,-208,48,1808,1456,1024,368,560,560,576,1072,1328,1536,160,256,32,80,64,496,512,384,272,224,-112,-256,-384,176,144,-304,-96,-16,-80,-400,0,480,-240,304,352,128,32,416,352,544,-176,-16,-176,-160,-192,-208,192,-368,-656,-16,-240,-48,48,-16,-96,-480,288,-176,-256,64,1264,400,720,144,320,336,144,144,160,208,-16,128,-16,464,160,176,336,288,-192,-144,416,320,208,384,272,-192,-448,160,512,400,528,240,752,144,624,496,400,592,640,464,480,80,112,176,480,176,112,-80,640,128,-16,-16,-272,-16,-192,-32,-112,-592,-144,-112,-320,80,80,752,64,160,-224,32,48,400,right,21088.964358645047
-160,-64,-32,80,240,-592,-128,-144,-192,320,368,-32,-160,112,64,-656,-192,-80,432,112,832,1200,-256,320,496,1104,880,128,1696,432,320,272,432,208,112,176,-16,80,752,288,-48,128,-432,-160,-160,784,-176,-48,-240,-672,720,896,608,528,528,720,304,768,1408,320,16,160,256,48,80,1728,96,448,-240,-176,128,-240,240,240,160,400,16,80,240,208,1344,1280,1120,928,1024,784,1136,1248,1568,800,160,144,192,272,432,-160,96,192,240,384,256,464,-16,288,-1136,-576,336,176,480,32,-240,1040,752,256,-304,0,256,224,544,160,-64,-80,-144,-16,-1600,-736,-32,-144,16,32,160,-80,48,240,2928,560,32,96,144,-16,1120,1360,1664,592,1872,480,960,1200,1104,1312,224,224,48,416,160,192,496,304,240,48,-304,-240,64,-64,64,-384,-512,-160,-464,-64,272,528,128,528,0,176,112,640,656,-112,-16,-192,-512,-80,-96,-64,64,-128,-480,-16,-64,32,240,-400,-160,-160,224,304,-64,-336,0,848,944,1408,128,80,96,432,592,384,112,464,432,48,-256,224,304,592,80,160,752,224,560,512,416,496,-688,480,480,144,-176,208,32,176,64,-80,288,-144,736,352,320,240,384,272,112,304,80,128,544,128,-32,64,-416,-112,-432,-432,-288,-448,-128,96,320,96,192,544,-96,64,-208,-288,640,-784,right,17348.910386527547
-16,-64,0,64,-144,-96,-224,-80,-144,-672,224,224,96,16,128,-208,-224,-16,-48,1152,832,400,576,512,1152,1024,512,480,1760,688,48,480,448,752,416,288,352,64,480,-128,-48,400,160,208,240,-32,-16,-224,-16,-80,960,1104,528,608,784,624,576,864,1152,-864,176,192,176,416,384,224,416,144,256,-144,160,112,96,240,48,160,112,256,96,-352,1216,1168,976,1184,1168,1024,992,1088,1168,2240,128,112,32,64,304,176,160,176,384,448,240,512,208,192,416,464,304,128,224,32,176,224,656,320,192,448,720,304,288,368,-128,96,-16,-80,-16,-32,-64,-16,-16,-64,80,-112,-336,-16,224,-160,128,80,-512,-320,800,256,1456,816,752,1248,976,80,720,912,96,96,416,144,176,32,176,128,96,304,-224,-288,-416,-112,-32,-192,-16,16,-64,-336,592,224,272,336,352,128,80,288,176,-144,-208,-288,-240,-416,-128,-432,-464,-288,-144,-352,208,-224,-32,192,-240,-368,96,-64,-208,-32,560,256,80,784,704,1360,512,288,512,592,-64,-16,48,112,160,112,240,16,144,32,-80,352,-208,64,112,224,272,432,240,320,496,528,96,320,608,656,400,528,80,1312,400,16,272,272,48,224,384,16,192,368,-352,96,-80,-512,-16,-320,-80,0,-320,-752,16,208,48,176,32,16,128,192,-528,1040,left,30149.94134843769
-32,240,-16,240,80,176,-32,-80,64,-16,96,160,192,-48,-32,112,128,320,-224,-608,1056,864,-128,560,1936,832,528,512,1616,976,240,304,304,272,448,208,560,48,432,688,-112,-112,-160,-224,-400,-240,-352,176,-112,144,928,16,560,928,816,-448,592,848,912,1648,112,192,176,128,224,-80,208,208,-16,944,464,64,256,384,144,-560,0,176,-16,160,1248,944,1136,1024,1040,1904,800,976,928,2032,464,0,80,208,112,224,416,448,144,208,128,240,192,-64,96,96,-528,272,288,144,208,112,336,176,160,592,32,352,-80,480,16,-48,-48,32,-80,96,-304,-32,-224,-272,32,144,496,128,240,224,480,368,160,-80,448,1360,688,912,816,704,768,704,432,592,448,176,208,400,384,224,320,-64,96,352,-720,-208,-192,-64,-144,-176,-256,-64,0,-208,-64,224,16,176,416,304,-432,336,128,352,-464,-160,-272,-256,16,-224,-192,208,-240,-336,16,-16,-416,80,-320,-288,-416,224,-80,32,512,624,320,544,400,432,1568,368,752,448,0,112,416,64,256,240,-32,160,80,48,96,128,352,-464,-160,96,160,240,128,256,560,528,320,464,48,576,880,384,320,592,320,384,96,288,256,416,400,144,464,288,-416,-96,-224,-288,-496,208,32,48,-256,-560,112,512,-240,-240,-448,-384,288,176,-608,-512,left,26837.03751371822
160,112,-144,96,80,-64,16,-96,176,-208,-80,-192,-192,-416,64,176,128,448,80,-112,832,96,736,864,704,1248,448,576,848,384,352,336,0,176,336,1456,16,336,400,128,-288,-160,-16,-112,-128,-400,-496,-16,-416,-224,880,864,1296,560,880,1664,176,768,1376,832,368,160,368,224,176,-592,-128,64,112,64,112,-256,96,32,128,-800,352,64,688,272,1600,1520,1312,976,1072,848,816,800,1984,912,176,304,320,432,352,160,48,96,336,320,256,80,320,224,336,192,176,352,-32,-240,144,528,496,128,96,320,432,416,864,224,-16,-16,144,112,-176,320,224,-16,-64,-144,-32,288,-272,-160,-288,32,0,32,160,-224,672,912,384,368,576,480,1296,768,1168,672,80,288,384,432,32,-304,144,176,688,288,-240,-352,-112,-512,-64,-272,-272,-16,-240,-176,256,176,304,848,512,544,688,368,832,-176,-240,-240,-304,-16,-144,-208,-64,-48,-720,160,-48,160,-16,160,-304,-272,-736,-448,496,-128,704,256,736,512,192,400,560,416,384,208,208,-48,64,96,-48,-176,96,-400,592,96,288,-32,240,256,432,128,32,304,-144,-224,592,464,480,528,1024,368,80,0,608,160,656,256,176,416,-5216,272,176,560,176,208,-160,-416,-176,-368,-4624,176,240,-416,-144,-192,688,-448,464,160,-1552,304,-96,-704,544,112,left,14176.934525188333
224,-128,80,144,-192,-64,-208,-32,-112,400,-64,400,-64,-272,1200,-976,-128,-176,448,640,928,432,1024,736,976,656,192,256,1232,448,240,304,208,384,304,880,-624,128,160,640,144,352,-80,-192,128,896,1136,176,-48,-528,784,1152,784,896,1024,1680,1088,1168,704,656,144,208,176,272,208,480,1200,240,320,-96,-32,64,64,16,208,160,352,192,80,112,1136,1088,752,1392,1264,1184,560,1216,1504,1104,256,384,256,160,496,160,96,240,336,48,464,400,448,80,208,208,-624,160,0,240,160,480,304,720,688,400,64,16,416,144,-16,-32,-80,-208,192,-208,-448,-32,32,144,-32,-80,-64,176,240,-224,224,-208,192,-672,560,512,656,880,1216,1184,352,208,1248,1136,208,320,208,432,256,128,304,80,352,-240,-400,-16,-160,-336,-384,-256,-176,-352,-48,-352,400,-80,912,512,96,368,416,192,1152,-208,-32,144,-64,-80,-352,-48,-160,-208,-496,-160,64,-16,-80,-64,-224,-208,-96,192,-224,-208,688,976,448,752,720,288,544,240,1216,480,32,128,-16,128,-224,272,240,432,96,144,-48,0,-16,144,192,432,-64,208,864,224,-96,-368,480,96,256,176,672,272,272,368,16,144,96,448,416,432,32,208,832,-208,-112,-112,-448,-368,-352,-800,-32,-464,-400,256,400,-448,288,-560,160,464,0,112,512,-192,right,19553.725303263134
64,-32,-16,176,48,-432,224,0,-160,416,80,-160,-48,752,224,976,-240,-64,16,464,720,288,512,800,960,848,896,800,2016,512,320,752,32,432,144,128,16,112,912,336,160,-144,-176,-256,48,816,-208,-160,-192,-512,1152,896,976,720,1008,1216,496,928,1056,960,240,-32,208,480,112,1360,0,144,-208,-16,240,176,240,96,96,816,128,128,192,16,1072,1024,1280,1296,1264,2544,816,896,1808,704,240,160,320,48,208,160,112,176,272,496,272,144,0,208,192,928,-144,464,368,16,288,0,-48,256,320,-224,432,336,704,-96,192,240,-112,-400,-48,-704,-448,-80,-192,240,-160,240,224,400,64,336,192,192,288,-416,944,976,1296,768,624,192,512,16,1344,592,240,192,304,400,240,560,272,352,112,96,-16,-80,-256,-128,-160,192,-112,176,-256,-128,464,352,672,464,16,192,64,400,144,-192,-224,-224,-352,-272,-320,-16,-128,-192,-528,-96,-320,-192,288,-192,-80,160,-96,-16,-384,-112,448,416,1104,32,528,320,352,304,240,208,80,176,144,96,336,368,160,400,48,80,-112,-80,-64,-176,-256,-128,80,-160,224,320,128,-384,320,512,2624,1024,128,496,592,224,592,464,464,272,240,32,-96,-96,240,544,-272,-144,-208,-160,-256,128,-496,-256,-416,80,64,16,-576,80,16,416,16,-400,448,0,right,16112.589666593365
-240,464,-208,-128,-112,-16,112,-144,608,-208,160,-16,112,-192,592,-400,-128,752,400,-144,544,592,560,816,928,400,464,864,416,960,336,80,480,320,144,240,144,688,208,464,-128,160,-160,-320,1296,-240,-48,-688,-832,-208,672,880,896,768,1680,688,480,768,368,1136,80,272,128,176,208,1520,224,400,-240,-320,464,128,240,208,-16,384,128,208,-16,48,1216,976,1264,1184,1472,2224,832,1280,1488,896,432,160,336,192,448,208,288,80,0,608,0,256,176,48,64,368,64,96,416,416,448,0,448,336,256,-80,224,128,320,192,-48,-144,-32,-32,-272,-640,-16,-144,-32,-16,176,-32,160,64,-32,736,512,48,-176,-192,800,1312,496,832,528,544,560,464,960,480,192,32,432,272,304,720,128,272,-32,256,-160,-240,32,-240,-432,-240,-288,-112,-240,-176,0,464,112,336,400,192,-48,512,-272,432,-112,-48,-448,-336,-80,-16,-80,-480,-96,-480,-48,-416,-144,-480,-352,-32,-304,-16,-256,176,512,496,80,400,2160,256,624,784,624,448,32,-256,192,48,496,384,368,240,-80,320,32,-128,224,240,384,-416,80,272,528,240,0,384,272,960,272,320,160,976,544,288,160,384,528,80,384,-80,96,752,176,208,-48,240,-176,-288,-48,-640,-192,-80,432,-80,144,496,416,144,-64,288,-224,16,-368,560,right,20328.08368142498
-192,224,-16,-64,48,240,64,-224,240,64,400,-208,-352,160,-352,240,64,-400,-464,-16,672,208,560,336,912,640,640,1248,576,800,416,576,352,432,240,288,288,-752,160,80,0,-32,-144,32,96,144,-112,512,-240,-272,960,672,848,656,896,864,1744,1424,896,784,240,448,176,144,192,112,144,528,144,480,80,-256,192,64,144,288,192,208,80,384,1088,1232,816,976,1136,1216,944,864,976,1744,288,384,208,496,272,336,-352,272,320,208,336,352,464,112,192,240,-432,-560,320,480,128,96,448,208,368,496,1504,256,80,848,48,-16,-80,112,-144,-32,1360,-304,-96,-96,192,448,256,-336,-64,160,64,112,-384,-224,864,976,1232,112,576,80,2048,320,480,1360,176,336,432,496,336,480,416,224,16,416,-304,-144,208,-240,-480,-336,-80,-32,-416,-32,-336,208,400,512,160,224,400,0,720,832,-240,-48,-16,-224,-240,-112,-336,-160,-112,-576,-160,-160,-256,-32,272,480,-224,-192,96,-304,256,560,112,704,176,576,144,256,-48,1248,48,208,80,32,208,112,64,96,384,-272,-144,416,384,16,688,288,448,-48,112,544,-48,32,752,448,976,448,224,320,432,688,480,112,192,640,160,368,384,48,32,48,16,-160,-240,-464,-64,-448,-496,-112,-304,-96,176,32,-208,-128,-96,-304,128,-128,16,64,right,27736.037520450252
160,-16,-16,80,16,-80,-96,64,-320,-144,256,128,64,160,-128,64,-224,144,80,80,1344,1344,1072,720,816,1424,432,128,960,640,16,384,0,416,240,-176,48,64,720,272,-160,-128,-112,-96,-112,528,-448,96,-16,-112,896,928,960,400,720,1376,928,736,1424,368,176,160,304,224,192,1664,144,240,144,48,0,144,32,80,208,576,144,0,-48,-80,1104,1056,960,928,1472,2112,960,1232,1792,976,304,176,384,64,80,16,448,192,192,304,464,-16,32,400,304,528,48,176,272,464,512,144,272,624,464,-48,352,464,992,-32,32,-80,176,-256,240,-352,-16,112,80,-112,-288,240,48,-384,112,192,-464,320,-192,-80,736,832,656,704,608,368,304,1008,1120,1216,464,336,176,352,432,688,48,240,432,112,-80,-416,-160,-144,-368,-240,-192,-240,-144,-304,464,16,864,496,32,256,400,208,-144,256,-336,-128,-96,-208,-656,176,-16,-240,-192,-112,240,-144,-32,-48,-3120,496,208,400,-752,-128,208,784,256,576,6496,16,1184,256,336,160,432,96,-160,-224,16,144,480,128,288,-208,240,336,432,496,-96,240,-464,448,96,496,512,784,736,672,320,16,336,928,112,128,352,96,304,208,272,496,-48,-32,176,720,-128,-176,-176,-176,-96,-384,-848,-512,-528,224,320,176,224,-352,-48,64,-368,-416,-64,-96,right,17553.75212563917
-96,-96,-48,48,-48,-176,-160,-32,-368,-400,-48,48,192,-208,160,-160,-48,64,-272,1248,1440,176,656,640,432,736,1488,368,1312,704,96,288,496,384,128,240,464,208,96,64,96,-112,128,-128,160,-176,-224,-336,-16,176,976,816,1088,832,640,528,704,1184,1008,-672,304,192,80,256,320,416,112,304,352,-480,16,256,-48,144,16,-80,144,-128,-48,-992,1360,1072,1184,1184,1136,832,1024,1136,1232,1952,144,480,208,448,80,240,272,352,256,304,192,64,48,-80,272,128,432,64,400,224,192,512,288,480,400,656,240,272,800,480,80,96,-176,-64,-176,-64,-16,144,-112,-48,176,-96,-176,-64,-32,192,608,336,-192,-48,1232,544,768,864,864,992,352,432,336,800,112,16,304,240,320,336,96,288,432,16,-272,-160,-96,-256,-224,48,-112,-32,-112,-432,480,16,0,848,192,656,272,464,288,256,-320,-160,-224,-352,-432,-176,-320,-96,-224,-352,-32,-48,96,80,96,192,-192,-448,176,-160,288,480,864,176,672,704,672,576,176,672,0,368,192,-48,224,-272,128,176,352,80,-144,496,224,-176,240,192,-368,128,16,192,160,816,112,544,400,464,96,1248,688,48,352,208,272,160,224,272,352,304,368,336,-368,-352,-240,-192,-416,16,-656,-160,-480,64,-112,-80,0,-160,192,96,368,288,96,-208,left,23195.89058185189
80,-32,-112,-16,-16,-592,144,160,-208,432,-112,64,192,272,-240,-336,-560,-48,336,336,688,448,336,688,464,1600,0,608,1344,352,64,48,544,240,320,224,240,224,1040,432,-16,64,-272,-192,-16,608,-16,-224,-48,-976,768,544,704,672,1968,864,544,576,1568,448,-80,112,176,176,-224,1232,224,240,-128,-304,16,224,-64,240,256,-16,208,-192,-112,48,992,1104,896,1040,1168,1264,880,1040,1792,800,320,464,336,48,-976,208,320,80,496,384,144,160,176,-112,-1792,-224,-80,48,256,208,304,256,144,528,3872,48,160,224,1008,304,-48,-176,-176,-80,-80,-256,-480,-96,208,144,416,80,112,-48,336,368,240,0,-176,-96,688,64,752,1088,352,640,1104,496,800,800,304,448,176,160,400,448,416,352,240,208,-368,32,-288,-208,-224,-176,-464,-80,-368,-480,208,0,288,272,-256,304,80,-304,0,160,-208,-112,-272,-144,-192,-496,-32,-16,-256,-368,-224,-160,-256,128,-32,-208,160,-16,240,-224,704,400,672,944,608,576,96,400,336,992,416,176,160,256,48,416,480,16,304,-208,80,96,192,224,208,208,-384,-288,-224,400,208,672,896,368,160,928,752,368,208,608,384,144,0,64,320,288,16,-208,-64,320,-640,-80,-416,-240,-384,-320,384,-400,-320,64,-64,736,-256,352,32,-240,128,0,512,-208,right,20365.472049135773
-176,-304,32,-144,-240,48,128,112,-208,-272,-16,256,-112,-128,272,224,16,-192,-464,-160,576,592,832,720,1360,-144,672,1872,304,688,496,368,416,112,1904,288,352,656,192,208,-112,-112,-288,160,-816,-304,-176,-528,-48,-192,592,864,544,1680,2704,608,704,1472,752,1440,240,0,192,192,912,-416,112,80,704,208,192,-16,-48,-48,304,-672,128,-176,288,160,912,1136,1104,768,1904,800,800,944,1888,832,368,144,224,64,160,192,128,240,496,432,288,-64,544,64,288,304,336,208,128,96,176,576,528,416,432,16,-240,416,864,32,-160,-64,32,-48,-112,352,240,-80,-64,-192,-192,240,272,-224,-256,-592,0,64,416,256,528,624,1296,960,896,832,656,48,640,-16,256,400,384,400,160,-80,64,416,624,208,-112,-176,-64,-16,-448,-416,-80,-112,-320,-16,416,0,560,448,-48,160,-32,336,256,352,-112,-272,-288,-176,-96,-64,-48,-224,-96,-112,-64,-464,64,-224,-96,-272,-16,-352,-176,208,336,576,688,928,608,480,864,400,576,592,384,336,16,176,112,192,-64,-192,256,48,-80,96,32,64,256,368,-96,432,-80,-176,48,-80,32,16,256,64,16,736,528,480,448,112,208,336,128,0,304,496,-80,112,-208,-320,-192,-176,-432,-224,-112,-384,224,-16,32,-144,16,256,-464,-32,224,-16,256,560,left,17977.07119880888
-64,-464,32,16,-208,-720,176,-192,-96,416,48,32,-16,-80,-240,-1072,0,-256,96,496,832,640,640,752,336,288,448,976,1248,736,96,80,304,448,288,-400,48,-240,832,80,-400,-208,-208,176,-416,576,-240,480,-368,-528,528,1168,608,992,1776,496,560,784,816,736,352,224,128,160,96,1728,384,400,-96,-288,32,480,192,-112,704,16,160,48,240,144,1248,832,1024,1104,1328,832,1216,992,1200,848,208,0,352,384,-1232,144,-32,176,272,496,352,160,128,128,-1104,-288,-112,128,208,160,368,416,288,-32,3984,464,400,224,512,432,-32,-96,-32,-160,-256,64,-448,80,-64,-96,160,-448,96,144,-192,-208,80,-16,-96,192,752,1504,848,672,544,656,720,560,624,1392,384,320,192,160,272,336,272,48,240,32,-176,-416,-16,-144,-160,-304,-448,-48,-64,-144,32,416,336,-112,112,320,-208,48,640,416,-192,-448,-336,-112,-240,-336,-144,-64,-144,-144,-80,-192,-16,-16,-160,-448,-128,-144,-80,-352,608,640,752,976,512,1136,400,368,800,752,240,96,144,192,0,80,208,464,224,-208,32,96,-16,224,576,112,-336,176,656,176,992,320,864,432,-160,736,464,288,688,592,416,64,48,48,272,272,48,96,560,96,-48,-464,-400,-224,-32,-176,-320,-288,-256,96,96,0,-64,-208,-208,48,64,-320,384,-832,right,22982.27317154513
-96,-16,208,240,112,-416,-160,-112,128,-16,368,208,480,112,144,1184,144,304,-208,128,512,976,608,704,1520,32,528,848,1600,704,272,272,288,416,16,2432,144,272,144,288,-496,-160,-256,-224,-96,-384,-304,-32,-48,-192,832,832,624,1152,816,1296,384,768,1408,720,96,192,192,240,32,-528,176,240,784,160,0,224,224,-64,-560,-336,224,-16,368,64,1088,1168,960,880,1936,768,1184,1008,1456,736,160,256,240,128,400,496,128,80,16,32,-112,448,480,64,208,288,512,32,208,-128,896,288,240,272,320,848,176,-32,320,896,-336,-96,-48,-16,-224,-16,224,-176,-48,-128,144,48,-48,-256,256,112,-272,448,400,-256,1328,864,1232,1472,640,976,720,608,736,848,64,320,416,112,416,288,128,208,96,480,-320,-448,-208,-112,-368,-16,-304,-432,-416,-80,560,496,320,432,400,432,352,64,512,464,-80,-48,-96,-144,-272,-112,-16,-64,-256,-48,-64,-224,64,-224,96,-64,-208,-64,-80,-112,704,464,768,576,640,560,144,16,304,128,80,400,144,112,-16,240,-176,-160,-208,384,320,288,336,704,192,176,496,112,592,-448,336,672,352,384,144,384,32,-400,304,192,400,368,304,-240,128,224,352,336,496,-112,48,-288,-272,-128,-96,-192,288,-16,-528,-272,352,112,704,-336,48,-976,-16,-176,-16,0,left,17504.796840501014
80,-16,-32,-32,80,-448,-16,-112,240,112,0,368,352,-112,96,1104,320,128,192,-224,544,208,1056,944,832,560,720,400,1344,384,480,112,208,320,208,2416,288,528,80,160,208,-256,-32,-16,-240,-672,80,-112,-112,-32,736,896,656,816,848,1376,288,816,1664,720,176,192,304,176,384,-528,80,-144,512,224,112,112,112,-192,-176,-800,80,-64,464,128,928,1232,1152,816,1168,1104,832,1168,1216,928,352,464,464,16,224,160,336,32,368,208,112,208,128,144,320,768,352,224,64,128,464,240,400,304,144,448,0,272,544,-96,-208,0,-64,-160,1312,320,-48,96,-64,-240,464,-160,0,-176,-656,-432,-80,608,560,-496,208,672,800,304,320,1088,560,976,816,736,320,240,16,208,-512,48,32,80,304,208,-336,-208,-240,-128,-592,-48,-496,-336,-272,-464,144,352,736,128,3520,-192,-80,240,288,352,-48,-352,-192,-160,-208,-208,224,240,-592,-128,-144,-112,-272,-192,48,-96,-448,48,-384,96,512,352,400,896,272,912,128,384,80,832,240,-112,96,208,224,160,-208,-224,-32,464,80,128,16,-16,480,0,256,144,560,208,32,720,272,240,512,-192,368,272,592,512,128,96,128,416,336,272,352,-192,192,48,-32,-400,-208,-192,-576,-384,48,208,-288,-32,256,-16,768,-368,-592,-48,-144,-96,592,-128,left,17008.22703650247
-256,240,-48,-112,288,-384,-160,80,192,752,-64,160,160,-16,-176,-1152,-224,-240,256,272,1280,832,1184,688,576,832,1008,512,976,944,432,400,352,368,288,-656,160,384,800,112,-256,240,192,-96,-160,704,144,-16,-192,-384,880,1024,544,1104,1456,544,576,576,1056,336,336,128,176,-240,144,1168,272,288,-160,-336,208,160,32,128,176,416,176,240,64,224,1104,1088,1088,1200,1408,688,848,1216,1072,976,48,-192,464,192,-768,96,112,224,208,288,48,304,-16,384,-640,-544,176,336,336,160,544,112,240,128,3680,384,-224,576,656,112,-112,-80,160,-16,208,-160,-144,-160,-64,-32,-256,576,128,48,96,-96,-16,688,-192,80,992,848,896,928,656,880,736,368,1232,1200,320,256,208,368,352,288,416,80,32,304,-160,-160,240,-320,-16,-128,-80,-176,-64,128,0,256,0,944,80,144,80,-64,800,-80,-112,-16,-416,-368,-400,-496,-96,-16,-608,-192,-320,-128,48,-320,48,112,64,208,48,-448,848,976,544,960,352,192,784,576,1072,560,0,176,384,160,176,112,304,48,240,-224,48,416,64,384,304,320,-816,160,848,-48,576,336,432,224,16,512,224,208,656,240,288,320,448,288,0,16,-112,112,512,32,-96,0,-144,-304,-96,-64,-336,-96,-416,-64,64,176,-192,128,48,-192,64,-160,480,-560,right,19035.123850053085
-16,176,-224,-96,-16,-192,0,192,112,-96,-448,752,-128,128,64,416,224,416,-16,368,512,1344,1168,208,896,560,1040,864,688,144,80,48,672,384,128,432,240,240,0,320,-160,-16,-240,-320,112,32,240,-272,192,240,1248,816,752,944,1152,560,768,672,496,1024,448,192,240,0,256,224,208,288,128,400,-16,-240,-128,-128,128,-96,0,144,240,384,1024,1120,1040,944,1024,880,1184,1056,1248,2672,176,144,336,208,240,160,192,0,320,272,96,96,176,432,16,336,-128,320,144,80,176,256,928,272,304,208,288,256,272,384,224,-112,-80,-96,-32,-64,-16,-16,-112,-144,-112,-160,-32,32,160,-16,-208,-16,-368,720,1328,752,1376,640,560,1216,736,-96,768,336,288,208,64,384,96,192,320,112,192,176,-256,-192,-224,-32,-352,-416,-48,-144,-128,-224,0,912,288,288,480,32,32,384,320,0,-192,-448,-80,-224,-160,-448,-272,-16,-160,-384,-32,-64,-160,-464,-496,192,-272,368,-192,-96,672,800,400,176,992,512,320,192,512,528,128,16,-64,128,272,192,304,128,32,224,-176,80,432,112,16,144,144,224,416,-80,672,416,624,320,32,176,224,416,464,-224,256,144,32,368,208,384,272,160,400,336,-336,-512,-160,-160,-464,-304,-16,-272,-560,-688,48,-64,272,160,288,384,464,-144,64,256,left,22795.718742265643
80,32,-96,-32,-224,-32,160,-240,160,-528,48,112,-160,400,208,144,64,432,96,-384,592,1040,368,1216,560,640,960,512,576,992,304,384,352,160,304,352,480,464,432,400,112,-208,-288,-192,-96,-192,-144,-64,-624,-96,816,608,1008,592,896,944,272,656,672,928,96,224,160,144,416,384,128,128,160,432,160,224,208,48,464,192,112,32,0,80,1264,1184,1088,1232,1120,1168,1088,1152,1120,1184,256,384,400,496,112,48,112,128,80,320,272,96,224,368,-80,-16,304,80,352,176,256,272,416,336,432,256,704,576,48,48,96,-80,-32,-96,-16,-32,-64,-272,-96,160,-32,-320,576,-16,160,16,496,0,0,272,1088,1536,912,1408,1488,544,976,1040,1088,704,176,288,432,144,80,304,272,144,160,496,-208,-304,-240,-304,-320,-496,-64,-352,-384,-112,384,144,96,64,560,48,448,96,352,432,-208,-176,-64,-112,-208,-224,-320,-176,-208,-336,-336,-128,-176,-176,-160,-64,16,-96,-192,96,-32,656,1296,1024,528,192,464,528,688,800,128,192,176,176,272,128,16,16,16,400,464,80,80,96,208,256,64,192,80,-336,944,480,720,0,448,192,256,512,160,1024,720,336,176,192,336,128,16,416,160,4944,-144,-208,-304,-688,-32,144,-416,0,-208,624,176,-192,96,-208,80,704,144,448,144,1312,right,37344.54424483511
-176,176,-144,-112,-96,-80,-16,-80,-80,144,-256,112,-128,-96,0,208,-240,32,-96,192,304,560,512,1024,912,976,1040,1104,2160,960,400,304,592,304,304,304,544,368,272,192,-80,-256,64,224,-80,-144,-16,-48,224,-240,864,960,880,800,880,672,880,960,1312,832,128,368,128,160,368,320,208,432,240,160,96,224,32,16,112,160,0,160,224,64,928,1216,1152,1440,1184,880,896,1232,1104,1104,96,384,208,304,192,336,320,368,432,224,192,304,432,208,16,-224,448,80,-64,112,288,272,368,384,640,304,224,-32,368,464,-48,-144,-96,-80,-112,-48,-32,-208,-48,-176,336,128,480,-512,256,128,256,0,16,0,976,400,832,1072,416,720,672,416,1056,848,400,304,448,272,144,256,160,208,304,400,-208,-480,-224,-144,-16,-288,-368,176,64,-224,256,32,128,352,-224,256,160,96,528,288,-96,-448,-448,-272,-64,-384,-304,-400,-736,-16,-176,240,-352,-528,-112,160,-48,-32,256,96,272,-80,512,608,368,384,288,592,528,144,176,-16,32,240,32,208,64,16,160,-192,256,384,80,64,-160,336,-224,-32,96,272,736,288,720,368,512,80,704,512,272,-32,160,272,128,448,416,304,176,64,352,528,-160,-224,-160,-112,-80,-352,-224,-160,-16,32,272,-80,0,32,368,80,192,0,80,0,left,17897.59030790985
48,64,112,-464,-112,-384,112,-224,-64,-16,-496,-128,176,-80,304,496,400,160,112,288,816,448,976,144,496,1440,1024,528,1728,-112,464,144,304,192,384,1968,240,176,496,128,320,-32,240,-208,-64,-640,-192,-96,-432,-224,864,1280,992,720,1216,2944,992,672,1168,176,48,352,192,288,240,-544,160,-160,512,80,96,64,160,32,192,-912,48,112,720,64,1216,1072,1104,1152,960,1008,592,768,1632,768,288,0,64,176,320,192,240,192,336,288,128,64,128,176,128,624,240,112,-32,176,576,528,592,16,640,-176,624,512,352,208,-64,-48,128,176,-32,320,-64,-16,-208,-320,544,32,-176,-176,-48,-128,-480,-32,-704,-48,784,544,1232,656,416,544,272,752,1152,768,464,144,272,288,208,-176,112,112,352,240,-432,-80,-496,-160,-384,-144,-192,-304,-176,-512,496,-48,736,496,96,816,544,64,144,-176,-80,-496,-112,-32,-272,-32,-192,-144,-48,-272,-448,-160,96,112,544,-240,112,-208,-16,-64,720,656,640,736,768,416,448,416,912,864,176,144,384,240,4512,-80,-96,-128,368,32,336,160,128,128,2800,224,384,448,-208,288,480,16,192,-256,1600,176,256,304,-80,464,496,352,48,224,48,256,400,288,112,176,-160,-528,-432,-208,-176,-336,16,-32,-528,-272,320,-96,32,160,-128,-240,-128,-224,192,-224,left,15202.755153511365
64,112,-160,-32,208,-464,0,48,-112,-16,-96,176,192,80,432,832,-208,128,-128,432,592,624,1200,736,608,1536,688,624,1600,688,368,720,208,320,208,288,240,192,720,240,64,-32,-512,-16,-208,1008,-240,192,-480,-48,736,624,672,768,864,2320,800,1104,1392,448,96,432,160,176,224,1504,192,384,176,416,144,-16,-32,-208,240,864,32,-16,128,64,1040,1104,1072,1168,1168,3184,928,768,1856,768,208,464,320,448,368,208,240,256,400,496,240,480,352,224,352,1104,48,432,-160,208,704,672,448,496,336,0,256,256,736,-32,-128,-32,-96,-80,-1216,-208,-288,-160,-16,-112,-224,96,-208,464,1376,400,16,224,-208,-160,960,1328,1088,1008,-1472,432,400,400,2000,912,48,240,256,64,48,352,704,16,432,416,-128,-144,-240,-208,-400,-128,64,-160,-240,32,528,480,144,240,480,0,-96,-32,256,624,-400,-464,-272,-256,-496,-400,-144,-160,-272,-304,-128,-80,48,-32,-96,-112,352,-80,112,-560,1040,272,-240,672,592,416,448,80,464,144,96,224,208,80,112,192,720,112,176,-32,96,-48,224,448,256,-16,-320,368,272,448,-128,288,640,176,336,496,672,704,192,432,48,176,272,352,208,320,-240,112,-208,96,-576,-336,-64,-240,-112,-16,-608,-272,-512,-208,32,16,-32,368,-224,128,0,736,544,160,right,17930.382762442896
256,192,144,-16,-16,-624,128,-144,-32,352,96,-80,-496,704,384,752,-192,-336,432,64,720,816,736,800,608,1056,432,448,992,512,368,448,256,224,0,16,112,176,736,240,-416,-448,-96,32,48,1104,-160,-112,-336,-400,560,768,912,736,1072,592,736,896,1056,288,176,224,48,288,96,1520,64,288,-224,-208,240,80,112,240,256,608,128,32,48,96,1232,1184,1136,1120,912,1088,1088,1168,1040,576,96,272,32,496,256,208,368,400,368,496,304,80,176,336,192,-192,-64,112,128,240,416,736,416,80,832,48,64,272,224,176,80,144,240,-368,240,-800,-64,-32,-224,-96,160,400,96,0,32,288,400,160,112,-624,832,1136,928,784,1408,976,112,-96,1456,592,464,48,384,304,496,544,368,272,320,-160,-192,-400,-112,-240,-288,-112,-96,-240,0,96,160,192,112,0,912,688,432,624,64,64,-224,-208,-64,-288,-912,-128,-256,-640,-64,-96,-176,-368,-480,-96,-6608,176,-64,-64,-320,160,480,448,960,256,7760,656,-512,688,256,272,64,192,176,128,256,352,288,224,-112,-112,416,-32,144,-112,304,-144,-400,240,640,416,400,720,448,352,304,448,544,224,720,16,720,496,352,208,432,272,-80,96,368,336,-368,-752,-144,-80,160,-128,0,-144,-336,-144,-48,160,64,-240,480,-464,-384,-224,416,-496,right,14433.039258641093
-224,128,-16,-144,-48,-80,-32,-16,-160,-16,176,368,-32,368,80,208,368,80,-144,-352,896,528,976,80,1056,1472,320,448,1776,576,208,160,352,352,432,1056,240,272,400,192,32,128,240,-112,-144,-192,224,128,192,-64,544,480,592,576,672,1568,704,512,1376,1008,288,176,208,112,192,-528,32,-16,624,464,160,16,-16,128,128,-880,-32,176,704,144,1056,992,1088,1328,880,1248,832,928,1616,928,432,144,96,160,400,416,16,32,320,304,-112,48,-16,352,352,-112,464,304,176,448,384,432,112,448,272,304,400,448,1232,272,-160,-176,64,32,-368,272,-112,-160,-144,-272,288,176,-48,-16,-16,368,496,448,-96,-224,1104,208,704,1488,1536,1056,-48,320,656,368,352,160,336,368,480,-144,32,144,464,320,48,-496,-480,-640,496,-624,-128,-96,-176,-176,432,560,176,336,992,768,80,16,192,0,-144,-336,-128,-32,-5168,16,160,-64,-320,-96,-496,-128,-208,224,6048,-384,96,16,384,-80,16,528,896,688,-864,672,336,-160,800,112,16,496,96,432,192,272,-304,-192,208,480,-32,128,368,112,-192,272,224,16,-16,-112,0,528,832,320,32,80,-352,-64,544,112,352,272,400,336,368,256,0,128,448,-32,-48,-64,-320,-384,-96,-320,-128,64,-112,-208,-496,336,224,208,-192,-320,144,-608,96,-464,left,16242.543210311796
